{
    "laser_scan": {
      "time_sec": 1710324424,
      "time_nano": 311358693,
      "angle_min": 0.0,
      "angle_max": 6.2657318115234375,
      "angle_increment": 2.9880000511184335e-05,
      "scan_time": 0.0,
      "range_min": 0.11999999731779099,
      "range_max": 3.5,
      "ranges": array("f",
      [
        0.6359999775886536,
        0.625,
        0.6150000095367432,
        0.6110000014305115,
        0.6129999756813049,
        0.6169999837875366,
        0.6169999837875366,
        0.6190000176429749,
        0.6190000176429749,
        0.6290000081062317,
        0.6430000066757202,
        0.0,
        0.6639999747276306,
        0.8090000152587891,
        0.0,
        0.47699999809265137,
        0.0,
        0.8309999704360962,
        0.6880000233650208,
        1.2339999675750732,
        1.2359999418258667,
        0.0,
        0.0,
        0.0,
        1.2209999561309814,
        1.0529999732971191,
        0.0,
        0.0,
        0.0,
        0.0,
        0.0,
        1.4420000314712524,
        1.3600000143051147,
        1.3660000562667847,
        1.3450000286102295,
        1.3220000267028809,
        1.2760000228881836,
        1.2730000019073486,
        1.246000051498413,
        0.5019999742507935,
        0.5019999742507935,
        0.5090000033378601,
        0.5210000276565552,
        0.5320000052452087,
        0.5429999828338623,
        0.5619999766349792,
        0.5740000009536743,
        0.597000002861023,
        0.6119999885559082,
        0.6230000257492065,
        0.6290000081062317,
        0.6539999842643738,
        0.6790000200271606,
        0.0,
        0.7490000128746033,
        0.8100000023841858,
        0.8560000061988831,
        0.7080000042915344,
        0.9629999995231628,
        0.8519999980926514,
        0.7210000157356262,
        0.7139999866485596,
        0.7070000171661377,
        0.7009999752044678,
        0.75,
        0.7429999709129333,
        0.7360000014305115,
        0.7369999885559082,
        0.777999997138977,
        0.7289999723434448,
        0.7960000038146973,
        0.800000011920929,
        0.9340000152587891,
        0.9290000200271606,
        0.9240000247955322,
        0.9380000233650208,
        0.9259999990463257,
        0.9160000085830688,
        0.9160000085830688,
        0.9110000133514404,
        0.9079999923706055,
        0.9100000262260437,
        0.9089999794960022,
        0.9079999923706055,
        0.9049999713897705,
        0.9160000085830688,
        0.9070000052452087,
        0.9079999923706055,
        0.9160000085830688,
        0.9089999794960022,
        0.9100000262260437,
        0.9179999828338623,
        0.9309999942779541,
        0.9359999895095825,
        0.9309999942779541,
        0.9419999718666077,
        0.9430000185966492,
        0.953000009059906,
        0.9620000123977661,
        0.968999981880188,
        0.9779999852180481,
        0.9890000224113464,
        0.9879999756813049,
        0.9900000095367432,
        1.0089999437332153,
        1.0069999694824219,
        1.0080000162124634,
        1.0080000162124634,
        1.031999945640564,
        1.0379999876022339,
        1.0520000457763672,
        1.065999984741211,
        1.090999960899353,
        1.0820000171661377,
        1.0980000495910645,
        1.156999945640564,
        1.1629999876022339,
        1.1319999694824219,
        1.1729999780654907,
        1.180999994277954,
        1.2029999494552612,
        1.2120000123977661,
        1.2309999465942383,
        1.25600004196167,
        1.2430000305175781,
        1.284999966621399,
        1.3040000200271606,
        1.3359999656677246,
        1.3769999742507935,
        1.3869999647140503,
        1.4140000343322754,
        1.4249999523162842,
        1.4839999675750732,
        1.5010000467300415,
        1.5210000276565552,
        0.7269999980926514,
        0.7269999980926514,
        0.7620000243186951,
        0.6930000185966492,
        0.8240000009536743,
        0.9520000219345093,
        0.9539999961853027,
        0.8740000128746033,
        1.0410000085830688,
        0.22599999606609344,
        0.23999999463558197,
        0.24400000274181366,
        0.0,
        0.0,
        0.0,
        0.0,
        1.2660000324249268,
        1.1200000047683716,
        1.1019999980926514,
        1.0770000219345093,
        1.0989999771118164,
        1.0640000104904175,
        1.0390000343322754,
        1.0779999494552612,
        1.0210000276565552,
        1.0490000247955322,
        1.0579999685287476,
        0.0,
        0.0,
        1.0449999570846558,
        1.059000015258789,
        1.0470000505447388,
        1.055999994277954,
        1.0529999732971191,
        1.0609999895095825,
        1.194000005722046,
        1.0230000019073486,
        1.0460000038146973,
        1.059999942779541,
        1.034999966621399,
        1.0390000343322754,
        1.0260000228881836,
        1.0379999876022339,
        1.0449999570846558,
        1.0410000085830688,
        1.0720000267028809,
        1.0329999923706055,
        1.059999942779541,
        1.0750000476837158,
        1.0549999475479126,
        1.0529999732971191,
        1.1069999933242798,
        1.0679999589920044,
        1.0950000286102295,
        1.0959999561309814,
        1.090999960899353,
        1.0729999542236328,
        1.1260000467300415,
        1.1019999980926514,
        1.0980000495910645,
        1.11899995803833,
        1.1150000095367432,
        0.0,
        0.7839999794960022,
        1.2009999752044678,
        1.215000033378601,
        1.222000002861023,
        1.2309999465942383,
        1.1920000314712524,
        1.281000018119812,
        0.0,
        0.0,
        0.0,
        1.284999966621399,
        1.2330000400543213,
        1.3919999599456787,
        1.3799999952316284,
        1.3420000076293945,
        1.4270000457763672,
        1.565999984741211,
        0.0,
        1.5520000457763672,
        0.0,
        1.6549999713897705,
        0.0,
        0.0,
        0.5440000295639038,
        0.0,
        0.0,
        0.0,
        0.0,
        0.0,
        0.0,
        0.0,
        0.46399998664855957,
        0.0,
        0.0,
        1.2869999408721924,
        1.2970000505447388,
        1.909999966621399,
        1.8220000267028809,
        1.4539999961853027,
        1.4229999780654907,
        1.4520000219345093,
        1.819000005722046,
        1.5449999570846558,
        0.0,
        0.0,
        0.0,
        0.0,
        0.0,
        0.0,
        0.0,
        0.0,
        0.0,
        0.0,
        3.7829999923706055,
        0.9929999709129333,
        0.0,
        4.125,
        4.058000087738037,
        1.402999997138977,
        0.0,
        4.10699987411499,
        4.079999923706055,
        4.068999767303467,
        3.6070001125335693,
        4.118000030517578,
        0.0,
        0.0,
        0.0,
        0.0,
        4.089000225067139,
        4.10699987411499,
        4.081999778747559,
        3.9519999027252197,
        4.129000186920166,
        4.1539998054504395,
        4.11899995803833,
        0.0,
        0.0,
        3.490999937057495,
        4.041999816894531,
        4.014999866485596,
        3.559999942779541,
        3.2739999294281006,
        3.864000082015991,
        3.8480000495910645,
        3.8420000076293945,
        3.7980000972747803,
        3.88700008392334,
        3.881999969482422,
        3.9130001068115234,
        3.931999921798706,
        3.937999963760376,
        3.9690001010894775,
        4.006999969482422,
        4.070000171661377,
        4.14300012588501,
        4.050000190734863,
        0.0,
        4.198999881744385,
        0.0,
        0.0,
        0.0,
        0.0,
        0.0,
        0.0,
        0.0,
        0.0,
        0.0,
        0.0,
        0.0,
        0.0,
        0.0,
        0.0,
        0.0,
        0.0,
        0.0,
        0.0,
        0.0,
        0.0,
